<?xml version="1.0" encoding="UTF-8"?>
<!DOCTYPE mapper PUBLIC "-//mybatis.org//DTD Mapper 3.0//EN" "http://mybatis.org/dtd/mybatis-3-mapper.dtd">

<mapper namespace="com.grain.dao.CkStockRecordDao">

	<select id="queryObject" resultType="com.grain.entity.CkStockRecordEntity">
		select * from ck_stock_record where stock_record_id = #{value}
	</select>

	<select id="queryList" resultType="com.grain.entity.CkStockRecordEntity">
		select * from ck_stock_record 
		<if test="offset != null and limit != null">
			limit #{offset}, #{limit}
		</if>
	</select>
	
 	<select id="queryTotal" resultType="int">
		select count(*) from ck_stock_record 
	</select>
	 
	<insert id="save" parameterType="com.grain.entity.CkStockRecordEntity">
		insert into ck_stock_record
		(
			`stock_record_id`, 
			`st_apply_id`, 
			`quantity`, 
			`out_time`, 
			`pick_user_id`, 
			`check_user_id`, 
			`enter_user_id`
		)
		values
		(
			#{stockRecordId}, 
			#{stApplyId}, 
			#{quantity}, 
			#{outTime}, 
			#{pickUserId}, 
			#{checkUserId}, 
			#{enterUserId}
		)
	</insert>
	 
	<update id="update" parameterType="com.grain.entity.CkStockRecordEntity">
		update ck_stock_record 
		<set>
			<if test="stApplyId != null">`st_apply_id` = #{stApplyId}, </if>
			<if test="quantity != null">`quantity` = #{quantity}, </if>
			<if test="outTime != null">`out_time` = #{outTime}, </if>
			<if test="pickUserId != null">`pick_user_id` = #{pickUserId}, </if>
			<if test="checkUserId != null">`check_user_id` = #{checkUserId}, </if>
			<if test="enterUserId != null">`enter_user_id` = #{enterUserId}</if>
		</set>
		where stock_record_id = #{stockRecordId}
	</update>
	
	<delete id="delete">
		delete from ck_stock_record where stock_record_id = #{value}
	</delete>
	
	<delete id="deleteBatch">
		delete from ck_stock_record where stock_record_id in 
		<foreach item="stockRecordId" collection="array" open="(" separator="," close=")">
			#{stockRecordId}
		</foreach>
	</delete>

</mapper>